sample_id,theta_ej_0,nu_theta_ej_M,nu_theta_ej_z,mu_beta
0,3.0328653859833876,-0.22734272768503375,2.1759933614074196,0.22577304198062673
1,3.0852132663317833,-0.17011619463347952,-2.3342633435645954,0.22696813651018347
2,2.5509467407118933,-0.2618722515153215,0.11715527216528443,0.3649467067715176
3,5.365031973323205,-0.2531187133898847,2.042761314370713,0.2559316693656509
4,3.174696654831391,-0.1675827149931241,-1.8944365985223361,1.0646433366582637
5,2.928193629270111,-0.18399397961764125,-2.814535175781451,0.2944466598422352
6,5.706052964218215,-0.027950859307073472,1.750369763329041,0.44587845166463086
7,2.9552685732605117,-0.15773964713484426,-1.503028509874822,0.392130940090187
8,4.45862377390476,-0.24458964583801054,2.445428514641069,1.4475145900071684
9,3.6179158037032075,-0.14212320092422318,2.33020327941571,1.4253352593782358
10,1.923306361353665,-0.29555364936322637,2.548992249591895,0.42270279129506616
11,4.307609183780372,-0.14724238524253805,-1.5673045968563104,0.5874534204212515
12,1.7696205824814428,-0.04072139225942123,2.373382466028093,0.2703235886060468
13,4.1675582436255265,-0.25035457989886617,-1.8634583985837698,0.7624356050176019
14,3.7885347945013272,-0.015549443923428163,1.8987036302427054,1.0267249077547032
15,2.7211275686474523,-0.24785880901092544,2.1246291035907037,0.4678012679720577
16,2.3395008586508785,-0.1693785644069052,-0.952788715963822,0.20031874335395564
17,3.8585460483729346,-0.052175495709690684,0.020403908992279618,0.4654084999837343
18,2.160165086093118,-0.10451065138368426,-1.6949479506756489,0.5758104453091671
19,1.8517638125441263,-0.0846688073158319,-1.0161894501913566,0.8218215870415627
20,3.03720224023271,-0.22624514631800735,1.5870301436332106,0.5275555620234906
21,5.079581400709509,-0.26022568324273415,-2.4715122803290503,1.3767151565406175
22,2.0586427018349847,-0.19507666102664978,-1.722815500198185,1.4416870194307059
23,4.16017479692373,-0.08102196649738999,1.5145419325364244,0.9613665790340045
24,3.009464384814327,-0.052558532322904306,0.2258880950624773,1.3999757826494779
25,4.8829292894632195,-0.07483996218597391,0.6429070799813852,0.18143222446475174
26,1.3918179497246825,-0.17390329848261765,-1.7434005644280997,0.7648112116438991
27,2.8572470096726184,-0.11743906837652943,2.1069845996770837,0.8583948786738659
28,4.744554611656145,-0.14919767202446735,-2.390224574238066,0.728081890982837
29,5.083882633920128,-0.27473854763551087,-0.047864634508803405,0.24068294691556022
30,3.3441364325172476,-0.2213961395421708,-0.3142220158577387,0.4360333477294934
31,5.851261769834628,-0.2667386385198874,1.3413702592223702,1.0741373551912858
32,1.9316815256304847,-0.2650385715973084,-0.7264659967629035,1.1185183102492529
33,4.030587734171387,-0.11204541296849177,1.6978166583286791,0.4475175466606685
34,5.495779581115041,-0.026740094594086605,1.1195733218096349,0.31153797274632267
35,2.053835652467436,-0.13675127184728345,2.972892351072069,0.3020830237695866
36,1.2992722540353436,-0.26003798465437095,-2.1742425429769714,0.9046950231843647
37,1.9757728997959032,-0.2657511654275517,-2.610959888243176,0.15335687084783067
38,3.744570469683056,-0.13787134712799176,-0.3435962716022405,0.12144780366322178
39,3.62696622983363,-0.01140350309386845,0.6132538348752155,1.0030062847512067
40,3.7455175211290235,-0.01742953918081791,-2.8673244019348747,0.6140213327761399
41,1.9556544209356186,-0.03574325143366219,2.931408033971989,0.284674067246451
42,1.5019370691432485,-0.2884240430192398,0.6551309897582192,0.4623373953424514
43,2.5154403463201342,-0.15653953459616896,-2.4653210530276235,0.7459192454247163
44,1.8966148541277035,-0.13176348139766816,-0.08817063458967667,0.24789102246933373
45,2.481365618637127,-0.26924281513475407,-1.4992099526174174,0.20508948014746448
46,2.3524070085113755,-0.022503303529092356,-1.2659801413633303,0.33522268503958225
47,2.0017812121284004,-0.20656937515536888,-1.2034131910335573,0.48171042126385094
48,3.381488864857402,-0.09013285200358892,0.31953567755637113,0.22438433615324602
49,1.0266738807530218,-0.2281107229698526,2.41660053427443,1.167797264968427
50,3.129033920065013,-0.07048151260158972,1.7957167328913002,1.3685729163977032
51,1.1333263305167376,-0.11463018161471614,-1.7794533567293362,1.2760489319568975
52,1.2654622622883442,-0.047656886030459866,0.08216566054147467,0.8090297381440654
53,3.5659375429187756,-0.0065212896120627195,-0.19906013620514607,0.7753576396225004
54,3.3062223397592243,-0.08734837028618564,0.7257190139187406,0.2888490358926455
55,2.804992657566462,-0.2368322249571733,-2.8866675396891788,0.3341338228816803
56,4.8639535146556785,-0.08290019826172895,2.3796517426799566,0.6383982727524067
57,1.204670925803896,-0.17274453584022928,2.5344179973193075,0.25094818303726285
58,1.5577809098959747,-0.23435927801509698,0.5459257158217676,0.07735073719494837
59,5.29166742604277,-0.17478033043934146,-1.6113812920390336,1.0652696132449213
60,1.861721019274486,-0.06902842930313885,-2.30516203952552,0.8547367782697631
61,3.469056747491745,-0.24388707796914094,1.1449426517678898,1.2016242118174538
62,5.9543729616318615,-0.21576472760897422,-1.0779082249626308,0.588560408424778
63,3.1920995309793057,-0.009178446001488372,2.5119054031168995,1.2363831612634057
64,4.112163428818583,-0.04176801128102858,-0.5691743245125886,0.506843656790787
65,2.6110295377078083,-0.0049688652678207545,-2.1537210932857076,0.08332493282244295
66,4.285894245961577,-0.16829403756933106,1.4906832603130749,1.381990852682146
67,4.7106946769456695,-0.1436486072809749,0.10112146450424753,0.30086099965544777
68,5.007742596859407,-0.2393559145160304,2.6738282341531345,1.3240178710078117
69,3.3495190819124803,-0.07219350449968254,-0.49301314872695956,1.3594266926460594
70,2.0251226881911655,-0.26905144745680265,2.6369179048780733,1.3888571935768477
71,5.00123876009921,-0.13449647071688545,1.5316161824746013,1.0417634358627126
72,4.37021783096937,-0.06402146458525276,0.7420932866758498,1.43007309670025
73,3.279161410982134,-0.1700592306171903,-1.3391896239971484,1.1659478945079316
74,3.211053138503848,-0.2809048462619574,-0.6027804077564602,0.6693985306739983
75,5.724497725672952,-0.11363348746833188,0.1417497460003987,1.1491690715933969
76,3.944040349289225,-0.004551558576806725,0.12931710301362198,0.30397387882600924
77,5.66396879754282,-0.16233077918807143,1.590919819264581,1.2286097860984713
78,4.620927413425898,-0.05672882518929176,-1.0411129303114814,1.4195381057069818
79,3.4070467792148262,-0.05377352642303013,-0.654310528978995,1.0838456881494887
80,4.14174062470712,-0.10588721954793803,2.766048747877125,1.3959055764312596
81,3.7701098574479044,-0.04979967392982543,-1.6002942701276783,1.3176495855410286
82,1.6364481128666166,-0.12542804951526398,2.8376446747348316,1.0731717340126925
83,4.55845826094005,-0.2788823193939708,0.5255560974732907,0.1236139448107724
84,4.4616770714817395,-0.12867948633101173,-2.9812585382359376,0.3605394595413939
85,5.295197418579037,-0.14909985813330676,-0.6476560361569454,1.2386087544458508
86,2.710771862226094,-0.014260088157613204,1.7422645290650038,1.476300246277203
87,3.061103277802255,-0.06424495696478955,-2.424789987585787,1.054753493689471
88,5.939906411788368,-0.27799197977507584,1.2076305566389811,0.7547407876763684
89,4.465881161184461,-0.2947225906380299,-2.6933076374673806,0.6196714654546055
90,4.955837869009752,-0.05301957162905263,-1.8999515895278851,0.6266770380122969
91,1.0722411928157116,-0.2310655788637393,-1.086747449465169,0.05670138673419013
92,3.410025582296921,-0.206294596741447,-2.7665004518385277,0.6275389122424649
93,1.9529033005324883,-0.1994715554525675,1.001375161239201,0.03824468292941299
94,1.789836254423598,-0.08600932746359169,0.8191665558820311,0.2728397401877892
95,5.462574922864342,-0.22489422957278585,-0.2770540700968942,0.12281795519226527
96,2.566912277254328,-0.1877160849998314,1.1524783168985477,0.29692892413384425
97,1.3190892227523963,-0.1654026735034811,0.026018230314281077,0.028280131983311703
98,5.220068595390874,-0.12351264650090188,2.386284202906465,0.801861387964188
99,5.884253103693778,-0.10676596485363657,-1.2280830438455559,0.6867472489660333
100,2.44816445272153,-0.22104324239054748,1.2048322944205854,0.6181508279554351
101,3.176780163980923,-0.2702783014050733,-1.7560600275573375,1.3196634273994543
102,1.991413988547945,-0.11641342848423988,2.2028012313990475,0.7990668998055526
103,1.2089504050307394,-0.09503866516333578,1.8156492484128215,0.29559775684187845
104,1.6232955492608907,-0.22523058394534157,-0.769793388095227,0.7400930988804659
105,5.123763587958393,-0.08540430866862789,-1.2169247355828836,1.0664195132025913
106,5.830149687451147,-0.15053428249811082,0.30554847475831304,0.05337104863323945
107,4.340404870867504,-0.2793580114364731,0.38913271961854834,1.2218103468428485
108,4.933574084087185,-0.1571158764464011,1.2859175557933735,0.8687976833742215
109,4.851900430610828,-0.012295877281320255,-2.061440499628511,1.183913170852355
110,5.073521879197318,-0.1541614919722444,2.486743701376473,0.5109890612742688
111,3.1140698729551892,-0.2879743108549047,-0.25552943048590926,0.3431056638579026
112,2.6704487655706277,-0.27269354005867563,0.19283471500682037,0.5101832632835366
113,2.020663320755331,-0.25396042269602925,0.4236666556459814,0.6970766723748686
114,2.153667014982327,-0.17749676329375544,-2.6959755528449043,0.8388829184747854
115,1.4569091828385896,-0.2175520224775125,-2.251724211456776,0.17007987025215185
116,2.3607064905534623,-0.21465033380470105,2.007526391273881,1.21136966400134
117,5.94981672294656,-0.12210803643583454,-0.137952854298792,1.1807611735093775
118,3.8999931388775297,-0.19166823692180984,0.9609502939923651,1.427757512211793
119,4.904676899843374,-0.0008161223407767149,2.6290620296315845,0.9245094940916352
120,5.3829291652306885,-0.19043492895074904,-1.0555172310091685,0.4284117651993454
121,3.369979184878854,-0.13964575187840134,-2.9266945856056794,0.989324257975172
122,3.7209695013465582,-0.1589017623057259,0.9016390634494624,0.5950891896665917
123,4.261305791251705,-0.17617868520620006,2.9175657754807425,1.2436211144081122
124,2.0991347182959244,-0.2179960561601349,2.5318531971573224,0.37553885000881404
125,3.4157645541687947,-0.2622591224734351,1.9472159913948515,1.267280359774938
126,1.7384031028910896,-0.03850730958616305,2.2741592092411826,0.8853036526223056
127,5.444990701410748,-0.11174882506994963,0.22111970701305683,0.2225260134738071
128,1.7737892978956586,-0.03889145531282634,1.138339141233308,0.4983654493394722
129,5.922798948119749,-0.19196207665330206,1.871150231376138,1.2346223686411086
130,3.6011577916896296,-0.007199000117661392,2.809696766791144,0.2819491871729778
131,2.5814796634672286,-0.18018553248970703,1.1708765202449083,0.20113665770357766
132,3.796049793617625,-0.14539097678609428,0.4567007899723663,0.13677112503560734
133,1.5380429514456881,-0.2305251990827234,0.6266678841214324,1.03706399167165
134,5.742750714313492,-0.0009106276696647653,-0.9718930475287797,1.1976261018914225
135,1.8074003523154127,-0.057966031057893386,2.28694101691565,0.7690488321576171
136,4.677455988673348,-0.25649191355720824,1.561713787418464,0.16385220256358704
137,3.9741849278295174,-0.09772692144271483,1.1043703255801685,0.9740089410143113
138,1.7035879429141059,-0.14479295402077227,1.0633902756726723,0.4239911744715041
139,5.1186902808417685,-0.14144825228277078,0.7620341678244231,0.5986168185405122
140,1.188324092789154,-0.2875083218795315,2.5710269237149754,0.1432130571810842
141,3.0461102323599314,-0.0992657657761479,-2.2181027999962066,1.248385912005648
142,5.350888042566749,-0.1137640000696552,2.559571432747294,1.421064457957942
143,3.182764308116708,-0.06798658527984386,1.3077920094576836,1.4378450793809514
144,3.092333335293964,-0.24751497046968257,2.5390230918889127,0.25209391846335144
145,2.8521700734190985,-0.092379833486405,0.6077133963965426,0.12803239918960815
146,5.818720247323542,-0.2845624405152728,2.1020250137061085,0.24573937776297025
147,3.984550641262021,-0.2053369952562638,-2.259125426196557,0.5130892591011881
148,3.325299736588066,-0.209513487592435,1.1990187596832467,1.2985811012420445
149,2.8752522665096287,-0.12870504000893324,-2.523194378847421,0.14612419253400372
150,3.105164529634609,-0.1336290205469357,2.2466708013983983,1.4648224027889254
151,1.2236840293987554,-0.11047819103316489,1.852623956008559,1.186745647323726
152,2.668188982155198,-0.1573948216415262,-0.8600353032531185,0.3418291847358175
153,5.412263757545073,-0.005440736138501268,-0.43922261370906845,1.0868330923567582
154,3.0171325788278356,-0.03432974881161338,-2.7878395412389527,0.8356603910072951
155,4.076888567081964,-0.2549632722092225,-1.9597044137917936,0.06929312792846114
156,1.2506315610484902,-0.022940919611245836,1.6985080509696138,0.41241228651571477
157,1.3957824802671506,-0.18697254376610503,-2.0737316584023273,0.6467799536928776
158,2.880914092407587,-0.23082943206576695,2.5794133539010424,1.078151020187527
159,4.7278862953144705,-0.2265587131119036,2.583511777929237,1.138342758465611
160,5.5804192311657115,-0.019103551854500633,-2.6557681018744286,0.570877811002965
161,3.5604136936777584,-0.2049993525976621,-0.5758922957493504,1.2647587317175564
162,5.552724803799098,-0.28825501266199,0.27138025593221915,1.0069081046647557
163,1.1001890680783384,-0.26953142511952144,-2.5428204827552445,0.23596040390145148
164,1.7145288693341514,-0.07459195801254626,-1.064436266254035,0.735194291823535
165,3.5802384775676064,-0.21959460289258448,-2.8242182534713622,0.5502635920125907
166,1.8396162395888511,-0.04024703126385493,-1.487176555934436,0.3455759825923455
167,3.6718116802784047,-0.058932595843834756,0.4987424678806063,0.5535507260392822
168,4.509526020494441,-0.13213917464572045,1.5726363038951092,0.4643310672404532
169,1.7213519155009882,-0.05561365743681573,1.0731250024660408,0.4505138922985259
170,1.7833006643563851,-0.09652157863602176,-2.317915888636582,0.7835365477927242
171,5.063539815195675,-0.1636496811314389,-2.245452739972384,1.0022178845832386
172,2.3932190634291564,-0.24557587568678527,0.9361502376673867,1.3842018482181868
173,3.65962196264606,-0.13335766223233655,1.5442153867897819,0.07523305355514683
174,5.633406176395946,-0.16020643338935286,2.859293679500012,1.0939925961828527
175,1.2587818256134282,-0.06504910929680693,-0.26658179394967707,0.755308117172816
176,4.062769042817778,-0.14186920027498065,-0.7414951978387245,0.1976730875509099
177,4.377535098378594,-0.00036517755827569776,0.5552291654758705,0.10286304606004408
178,2.9877908960010515,-0.07814751569995826,-0.7450076983349478,0.4318020297221001
179,3.0733992843831435,-0.25365724066493045,2.364810477499849,0.6498491820434569
180,2.7917925865143594,-0.1253357765191462,-1.7301996869653453,1.296787021263397
181,3.374729018082461,-0.16158238811373254,-0.3262171594830545,0.9830866146866936
182,5.322726116699015,-0.1584594136921951,-1.823925567084109,0.17907193604430519
183,2.6437734350353566,-0.2759154730074266,1.9540896624256945,1.4864635039580643
184,4.291336650433916,-0.21047405020805376,1.6031901939920497,0.1337698844059189
185,5.146607405721496,-0.29286578745189756,-0.5207348151676872,0.3817892671132382
186,2.799031960926048,-0.29246142007868026,-0.36316886216784905,0.8521225089099802
187,1.4900995166030775,-0.28241752077534665,2.4959944616061103,1.1638382863629726
188,5.385120122762326,-0.27300408545524657,-2.5280336062286812,0.19145413015929572
189,2.77447601254333,-0.1971711452839762,-1.1433521973016696,1.1050259212392604
190,5.209824544608416,-0.04529833205857714,-1.4514727669947451,0.23814719009443794
191,2.9346299427511693,-0.034761801957323035,2.433097328707049,1.0131033416069661
192,5.889619768981859,-0.12368017952017238,-2.7382249421301745,0.6445836410234572
193,4.096241853689365,-0.27962183698123183,1.4310514953037305,0.6553626915187247
194,2.4521973826233925,-0.0914003471167453,-2.8982946196607013,0.17242561447011232
195,5.694021319792178,-0.0018182020331928839,2.8499446093229093,0.9023375035999868
196,2.9758009348415584,-0.16455286893566382,-0.07517641674968223,0.6309799705188467
197,1.4889504234434856,-0.20092307408084398,-1.6368647561511886,1.3467423044786102
198,2.868053888870595,-0.11865435687862899,-2.8472468517784515,1.473403140141268
199,5.813516289598915,-0.06065684658988296,-2.6228128552430383,0.4066859262997222
200,2.3271882948766978,-0.13632751236170162,1.8723900869258046,0.613324004632367
201,3.585894437909923,-0.24576260052935855,-2.326357454506118,0.8878663917428329
202,5.195350621954778,-0.27990805090541404,-2.9520290371237996,0.3546411635060069
203,4.49384017076567,-0.14044117247079405,-2.5908437291215165,0.6101324245907095
204,3.014136725000472,-0.21132737156996612,-0.9123316305764653,0.7656889224760632
205,4.843698260536953,-0.21227916336510014,2.038235028189577,0.882596797779519
206,1.302538464032819,-0.1583482007266184,1.0462222899999087,0.9410964277488377
207,4.837222108798277,-0.2678814369931656,2.5244293200545096,0.4899268194220133
208,3.09658382466962,-0.019324906341945614,-2.9109139400898143,0.36167254477740085
209,5.57241375192828,-0.02865599732526003,-0.17423158848696652,0.8838571136635928
210,5.193063582983466,-0.1458709687185261,0.9815230773908814,0.013882063841719021
211,2.3308439981979987,-0.15517232235319378,-2.159349382496106,0.06589072978871413
212,4.920041319205485,-0.09348036466842777,-1.9874026996054328,1.4125582117822961
213,5.126034113855107,-0.062186229496187934,-0.7873144775949212,0.701843968868831
214,5.4328228683947515,-0.0951738986928995,1.3764129670034633,1.240845814532265
215,5.114524543041773,-0.013909167736284644,-0.049327295714074015,0.6918701958387703
216,5.012138280154244,-0.03356323837220837,-0.21836518750717548,0.723708306491345
217,2.40570033060658,-0.29629234081692546,-1.443558013177054,1.4557417105406214
218,2.8099056209523208,-0.26445782836320897,1.0354073076876213,0.37733333604402713
219,4.700556822377807,-0.19206735079506798,0.9270272965894408,0.4264452731118753
220,3.2930171963878596,-0.2346634029681214,0.575028900098375,1.1256628472201795
221,5.4763618740399815,-0.15683106695349927,-0.6902818230627052,1.0875527857147236
222,1.3218219818108432,-0.2016610810329057,-2.5334909142514226,0.6735582892387002
223,4.760461880681575,-0.12276012076147522,-2.221615357751986,1.2229728730648888
224,1.6936780865837018,-0.1899418814830403,1.1129158307437663,0.1390602074946307
225,5.766189822279679,-0.00439993593753879,2.339503489380106,0.6417107930060396
226,2.8639647790000113,-0.1230339460470618,-0.8454987461989134,1.0960051010195482
227,1.0618638184817473,-0.1328701084652391,-1.096713132679543,0.5782121883521121
228,1.926835131121325,-0.23370982948694463,0.8660015094964901,0.2874148965191063
229,2.8453183923941054,-0.018134282706771365,-2.2720816191624835,0.8735579333617942
230,4.276301653633315,-0.1940658391575059,2.04977176614174,0.16528077473710406
231,5.470611781051709,-0.1073988547688261,-2.0248834160426474,0.14160074214586127
232,4.868898598690216,-0.21077048205746904,-0.18540282928148422,1.2584098959501586
233,4.91686671294444,-0.041004558489996124,-1.954169680949989,0.4247542646565937
234,3.693057383043893,-0.07640133413778621,1.4603680539274908,0.11243705384109987
235,2.760866266001002,-0.2607096410454773,-0.33021014118365954,0.306610186090696
236,3.117615693918506,-0.0616952739562186,-0.22682289025334335,0.9757497071159815
237,4.091933106219083,-0.22027086184793382,-1.3801886729360684,0.45553486465650056
238,3.817239588941538,-0.28910560968747173,2.167718986799187,0.5776572118243466
239,3.793486627982482,-0.2634677199730608,1.1857842440664808,0.7927894530642838
240,1.4362254997772268,-0.20195665390022843,-2.783400442212091,1.209366723179718
241,1.1541173403371092,-0.15941240225028092,1.7737915594641507,1.2403537085042065
242,1.0245149282519317,-0.026204887778906005,2.726799555611519,1.0151962043381175
243,5.543575737124435,-0.04997334335101489,0.04536004220168621,0.7946901848247531
244,4.445023183384617,-0.04602393465457716,0.5283992304118197,0.19514204085151687
245,1.0997784688902283,-0.008887796137183934,2.618730253586145,0.8309815901395001
246,3.8046576510258054,-0.1724452642552643,1.0536508278474592,0.17648181200297638
247,3.738969683729278,-0.20857730549927453,0.9132263892651329,0.9788331566354573
248,1.366213110560773,-0.07693038390177012,-0.8381483183345462,0.2539304045405872
249,5.5640006979053105,-0.134884574535479,-2.4976106162464378,1.3368656378672308
250,5.229518794119675,-0.18127050564694064,-1.002297616160882,0.4714161470170419
251,4.080959526433693,-0.16004338766459394,-2.205710070214418,1.1969903864682583
252,3.2170463877428865,-0.032702555419450385,0.3318070959475343,0.027278774489277707
253,4.339221803198646,-0.15225670180655768,-2.301669617916261,0.9783114687627801
254,3.992485401277623,-0.1892832935791093,-1.219956032387861,0.7507722039753405
255,2.0818704792290474,-0.20221151781654428,2.5633000621872517,0.8033184185483532
256,3.776520669169342,-0.2897680603662997,-1.7855193025684457,1.3046277448510941
257,5.341765918927055,-0.25670863068137306,-0.5493638217454371,0.9039095079252636
258,2.719197716838976,-0.037814083947697696,-2.4572377458185897,0.4971949041833413
259,3.7075568217853196,-0.28860185275138844,1.354537403219342,1.247363098838586
260,2.3430169298171366,-0.003476175909800483,0.268802599088247,0.6945649473915239
261,2.2781063321687025,-0.11443377815018493,-0.610820116948021,0.20294439921617358
262,3.1441248704559297,-0.2129903164509433,2.6833189336844514,0.6662014749375775
263,4.36996699927178,-0.15376322267360384,-1.2517690872861034,0.7294246152412119
264,4.895683891948979,-0.026073185627377315,-0.2156711530945623,0.5930437031113033
265,5.53433352738101,-0.049255965309942196,2.404669644626191,0.8624075981542753
266,4.154130271929101,-0.14240257874782825,2.6565735010084177,1.4398877715612663
267,4.914688403232736,-0.20599372922373155,-2.0966683541899584,1.3079031004784512
268,4.280919446161421,-0.005843998212259505,2.2226021291621407,0.6583737215866754
269,5.75447324467654,-0.25530942182097754,-1.4114891764633175,0.8187890569811261
270,1.0375443910244515,-0.16062292306701656,-0.41796295059386157,1.1513996202417753
271,4.212497651647743,-0.005310395200709972,2.4631453702397206,1.1196525263695272
272,2.5377348947461984,-0.11509032645651424,-0.896083228485407,0.9266608259626089
273,4.058147816576497,-0.11334851764102699,0.3451703419966252,1.1785876008441085
274,2.3988794428256663,-0.010338943062145556,2.5904065918612798,1.4993268609928305
275,1.331199804272139,-0.152820571845696,1.7638847105255744,1.4585381323221913
276,3.829369016755225,-0.09293856752330468,-1.7471510057514623,1.2611762854865616
277,3.842875927959891,-0.20743003434956986,0.6513965985113495,0.17234711027842486
278,5.855091269392706,-0.2556957725676777,-0.9278783730811484,0.5978376425757421
279,2.908725951027834,-0.2807008278982362,1.7090917618306571,0.5827486455211629
280,2.2281376115872016,-0.10557982374524674,-1.9040493349086924,0.6399121107922708
281,1.0030369882841694,-0.20911487815905572,2.6797078909677268,1.0231745355997885
282,3.1047856806489538,-0.021346120108308164,-2.5820382220849454,0.5675411121765487
283,3.7197224945997145,-0.16888917162999553,-1.8583647000967483,0.6839286465574113
284,2.187098756270963,-0.137111486721447,-2.5994109554270626,1.0317459895857803
285,4.780553552615129,-0.06594282361418824,-1.267069964119174,1.1991011320625522
286,4.634218175986502,-0.18098492255086415,-0.6406516534622613,0.8966636468409227
287,1.8486098729859006,-0.2965993550015645,0.17876712742148904,1.3437715742387872
288,2.4340939020485566,-0.0106807809206797,1.3856734045330201,1.3389241100920883
289,2.728064479263507,-0.04008054501783598,-0.6707342492877415,1.351663146680986
290,4.849945816574268,-0.04796752477732258,-2.8299143013803683,0.502009188259733
291,1.156665266590705,-0.21107837644719424,0.36649062151150913,1.4421596886545087
292,3.0253483555582874,-0.05407349328804134,-2.6447261124063903,1.478343960119788
293,3.3985764770263183,-0.2861312176256673,1.3107782526312022,1.4972357880938638
294,3.5094684143974533,-0.2902916219265693,2.7862171768825768,0.5379576228504892
295,3.0540226176360052,-0.2743254892265625,-1.6270692006537868,0.04780511298282083
296,5.3054297048045616,-0.0973743222851833,-2.9968714382616026,0.6528331948704474
297,3.320382379537244,-0.1785781139680595,0.2892784835814859,0.698427025804564
298,5.86440950989136,-0.2513134030468671,2.201507340912026,0.29801967029812854
299,5.822573234067345,-0.1736791848989243,-1.5408855987459558,1.13634230650245
300,4.3959137193533975,-0.1781032136267075,1.163563687391596,1.0187209861910476
301,1.3560510309532816,-0.17768450483212395,0.8227278956015383,1.0198403423235551
302,2.814133293839891,-0.16665973047790686,2.1533654360414767,0.6900800680168827
303,2.6226480827549192,-0.027696152826924836,0.32549393311621166,0.5446150242070279
304,3.703045315706689,-0.1850275055421565,-0.7760760335590202,0.9815371504384158
305,3.2830841460257583,-0.2100892599245226,2.238573665845929,0.15625052920180763
306,1.5132364748798515,-0.24996612614097002,0.31093772851924983,0.967800344575816
307,2.65538618745198,-0.18682704191979976,-0.20821281219290988,0.04037148192958859
308,1.8897547151419696,-0.2232154570228636,0.21112562396263979,0.6069358702920502
309,3.5550476987316912,-0.04470712175393887,-1.1707999752656542,0.5186580896470131
310,5.629873862827132,-0.079967666846498,1.508807565263508,0.4861974628345293
311,1.5624167642751026,-0.1819493218341987,-1.7901135769540457,1.2524220121815102
312,2.6048905375873552,-0.016462257806755254,1.4524991159501717,0.841771194732247
313,3.8680337599645407,-0.06878438620217431,-1.9806335947671418,0.05874823512285322
314,3.1469498490631405,-0.08071833779490586,-1.5458663924838967,1.1208947060266592
315,3.918240451185645,-0.2785664247637028,-1.287774195024114,0.11611586326687652
316,5.7153082489966,-0.07552983958867607,0.6189443693643808,0.09768220809872068
317,1.8306454553399625,-0.2908980202867277,-1.3046553272018984,0.4749214601496781
318,3.4735793157099586,-0.14427172894253684,-2.191730927058663,0.3904902925726952
319,4.1156440113555846,-0.26706786896394263,-1.3703500635328116,1.2898743855683403
320,3.4865640016899433,-0.14021705165007062,-2.8596666957830834,0.7853365835130246
321,2.547009161874768,-0.013206459433699191,1.2675267479700807,1.0203288466963463
322,2.8429619746008106,-0.05039759420312556,-0.5391572421735034,0.3102890674005519
323,3.978543817963257,-0.2470396761993331,-1.8063745109977642,1.2993194465808384
324,5.688170416634925,-0.10822758185503475,2.604437602110953,1.1529045045007182
325,3.5944450199991853,-0.07387259103423413,2.3229998930159255,0.27587594026404527
326,2.3597115471632497,-0.17976534800819322,-1.0261492012245035,0.8148124989841651
327,5.776326000377465,-0.26307212887547193,-0.482752431965666,1.0410726602777334
328,4.5775526885939595,-0.2942497973811594,1.980287353449853,0.9205808072660684
329,1.9833251964192795,-0.29514102333452436,-2.9474116651842994,0.617603983564044
330,2.7808528344995365,-0.06258593061395587,-1.3553242380110966,0.7158857509748505
331,1.741527450006522,-0.2853402286046932,-2.328824209792502,0.434434993524857
332,2.210443171956845,-0.19911769124298745,-1.9991427947149143,0.4112316987587837
333,5.603077360433722,-0.01733580445540761,-2.1238382728954566,0.568999408789007
334,2.0318577728144924,-0.18371563423664877,-0.15470697750121687,1.4255267267330418
335,1.4694426206509963,-0.2911192216174786,-0.7189639995870771,0.09481298252567774
336,4.983961977684448,-0.15444858096967612,-0.13951608564621587,0.6575175331865981
337,5.372515459658505,-0.13080610869854797,2.7227104677258653,1.076525020743051
338,4.405933264265695,-0.08051176757325787,-1.8499470182338682,0.11557066739357018
339,1.6898494723890027,-0.030670722420208407,2.6692866151886907,0.910797659505573
340,3.385971355384221,-0.1513948575941044,2.2683526661283153,0.5742806148355817
341,5.565749474269293,-0.2552948592478679,1.8349111119157486,0.3276904100344547
342,2.527032138144917,-0.2980989883221525,0.6888947721447054,0.45782856509306474
343,1.1623503607067787,-0.22969825106062947,-1.8337095086168322,1.3503696723129224
344,4.812343927816344,-0.2336660052946952,2.9578642760757035,0.5088217585426366
345,3.7256457363236226,-0.24887913525935193,0.8142357292196776,0.3182713280116108
346,4.6613785599187505,-0.19232478353541488,-1.42142352156882,1.2144037163100778
347,2.019963010226034,-0.2813838527018242,-0.9348484749459187,0.16067089622061628
348,5.096970735814228,-0.22415147397638513,-0.7586399260366816,1.2199573432559496
349,5.656566688128658,-0.11228389902820651,0.754325507609753,0.01582891517690036
350,5.163845923915213,-0.1999274443832478,-2.7486807922429493,0.6708449161927825
351,5.238304213416604,-0.12153758113789462,-1.2834706132924167,0.6641417832844452
352,1.9672576298766495,-0.10493850828524323,1.808405716448524,0.2108665649204712
353,5.4182448506509,-0.042133423245274915,-2.352041042941493,0.2922280561351309
354,3.8750946211737123,-0.21977410468435502,0.9180331732654299,1.2845169889361319
355,3.9115890345273603,-0.11727235780400505,-1.0347119291009084,0.7129095354106465
356,5.526048564041564,-0.2139420323280938,2.184186353991329,0.11872940263512731
357,3.2250369635482743,-0.18079023896718055,1.219198488677364,0.9284499570108921
358,4.004742969003162,-0.2714351904817932,-1.1205412467339615,0.7569776489735643
359,2.475273751341713,-0.29343295178925527,1.3242658404899554,1.3031060260655687
360,5.300875906003875,-0.2219576386249834,-0.8640158538982523,0.6078416408635837
361,5.96269405009611,-0.2999576432716005,-0.5872560452086955,0.28281015789690367
362,1.0891118402588789,-0.25898567113875737,-0.06799165687793485,0.7370741052611844
363,3.640319388682424,-0.11800832673849218,1.5523781793257498,0.6855904711063867
364,4.444964615111304,-0.2967726900426313,-1.131918402482179,1.1498789827491542
365,5.6476891757751755,-0.037289401113497156,0.41790317428351287,0.6547573108498369
366,3.8533029749582446,-0.20827561936146652,0.9933964112539124,0.2372293649790455
367,2.962704335777374,-0.26112525513098694,-0.0019114365595402916,0.643229061831473
368,1.3816344396936735,-0.013520452607293065,1.3308821038943002,0.5354249856230089
369,3.2331362840817564,-0.050954835513571245,0.6803049336227831,1.1021754116833957
370,2.678781764092186,-0.2431658538090583,0.04999508397798369,1.0126053342564294
371,2.011910186614231,-0.2971594528719436,-1.2725801885254955,1.0854117873621714
372,4.961157283145284,-0.05132996998230416,-1.4678228136155784,1.415489923565397
373,2.8914226647287826,-0.12103816500946521,1.6442658330767284,1.2922667862558084
374,2.0660291611244164,-0.24114738338831376,2.236581162627962,0.693119409284281
375,3.710653923810779,-0.10859069445158662,-2.48925459898189,1.2541731549794382
376,2.4117593093513596,-0.12778122352327895,0.41090128972619455,0.4660260391141881
377,5.981631885028734,-0.1088769059018399,1.7888330800320915,0.5553761512886042
378,5.409817598253317,-0.0655741066252224,1.0392173892339436,0.8332083400561703
379,1.6004359015123537,-0.2569107908758529,2.21516969839149,1.3644601338304434
380,3.240272384325929,-0.2866321855633579,-2.1977464080897926,0.03516092820562507
381,5.746492133963192,-0.08645574938064918,0.2827975378752101,0.21346095304509508
382,1.3710149901934805,-0.17713602131307166,-0.4775833581889706,1.4461635758142364
383,1.0058926276138231,-0.029431883550354976,-0.44746127290119064,0.26500034361888164
384,2.951065345970846,-0.09436847056257625,-1.6393415261325348,0.45240388676775223
385,2.5768580104116245,-0.1389350293831858,-1.7394472581921099,0.3593300692977218
386,2.1003660176225383,-0.24601562463695048,1.7524328822508721,0.17426572506436167
387,3.9627514617385557,-0.16171547450023427,1.0105428289886138,0.17719648043453923
388,5.783047703902785,-0.21362901493027414,1.7227567274694966,0.7327530254972278
389,1.8191310864292514,-0.2920679430033506,2.81852617418806,0.13996426310566526
390,1.7776139062970566,-0.26383535688833515,-0.261243931435601,1.0610169160677032
391,3.6845014599186987,-0.0027904400473038327,-2.2902977129834508,0.8706828548118092
392,5.589267593637787,-0.13935554207715947,-0.8501981058064292,1.4226173166672704
393,1.9132510924708885,-0.1706989512323686,0.15129032222950967,1.3976681118856857
394,4.543289299267519,-0.17183583630658533,0.23884612792452398,0.6158798086275897
395,3.89422963256885,-0.26520491968167015,1.1473888442197202,0.5232390104845137
396,5.401134845633177,-0.2374833123234239,-1.5130720230678583,1.4729868545531724
397,5.2470710213455085,-0.19759772483453422,1.400168015964332,1.3607352570436453
398,1.1829804078211752,-0.23298912863479238,1.5297577622735874,0.7681626648351594
399,1.658444721440047,-0.03911449179182053,2.082238192144904,1.2295009905133152
400,2.5316095626787902,-0.10109317149669642,2.131184626610551,0.2864842837045411
401,3.2538531021802672,-0.014617109791985272,0.9339010329232691,0.36654798982858394
402,3.5984034750499903,-0.15240939539506024,0.3778669478065062,0.900712838732445
403,3.874296304297237,-0.1141317044060132,-1.0252405314512858,1.0543576389008606
404,1.2941806344995892,-0.07956775410560399,-1.196928160670348,1.0629191285575659
405,4.889038649669921,-0.16526521947451567,0.18473252361698833,1.4018597941026811
406,2.155075945018985,-0.28358255161021195,1.9399726382242264,0.786940420857108
407,5.801991837553382,-0.2078007421863311,-1.9248604734172097,0.45506382198455836
408,5.282164692660104,-0.25736064324804103,1.4700266959635115,1.2458427292164378
409,4.601701099385387,-0.20116411731218248,2.962346943438444,1.328958872279866
410,3.7324431414063173,-0.057683304365552746,-0.7014067324704709,0.02973971594417374
411,3.0822382096729237,-0.08378208056095979,1.7213018676704035,0.9580095837877579
412,1.678816282818526,-0.14091733989350994,-0.3002220382120111,0.5540891241113655
413,3.606872830623783,-0.07146901046561427,1.8380840164155874,0.4385722210002435
414,5.486419157789812,-0.1297515465864765,-0.4912117541919727,0.6962123167584451
415,2.089210406393941,-0.2580859638428173,-1.8448744212540433,1.3743367476493904
416,5.99883647970811,-0.18469625169921744,-1.3975057948900473,0.9963163870355081
417,1.9606273076583294,-0.22277751140072638,0.20872873534931768,0.7008846096029384
418,1.1708722963683826,-0.06974846451588701,-0.9404372865040602,0.2453999502652056
419,3.577237370635964,-0.10340851987783617,-0.6526408733879325,0.49996413487089353
420,2.380943104472161,-0.15908451259215328,0.7378438887331331,0.9545106421819269
421,3.4809697085100537,-0.051172805280723155,-0.3757095502411891,1.1315889101879049
422,1.1690279085531192,-0.08832012004225329,0.2533717936951496,0.6339486338576655
423,5.105625569189744,-0.26604985938794257,-1.6598255606057486,0.7795133632044337
424,2.523742539954627,-0.23774402422078578,-0.4257794486738291,0.15226091632285402
425,1.2255671450244934,-0.01878376602847076,-0.6251449156324065,1.092836048502967
426,2.4579579304250734,-0.2143731042875247,0.9686422743417511,1.0697603790682926
427,4.715132183607082,-0.1580106922584242,-0.34819603659919895,0.7460725302709021
428,5.2323935962385315,-0.059243067521932646,-0.14537123651072914,1.1322465107859783
429,5.178223940553466,-0.05954539610131346,-2.2764921441720936,0.8319838620691745
430,3.9057667316454374,-0.22310138826255485,-2.0346739478993054,0.21939545887302622
431,5.255758251949266,-0.26315121981709555,0.7697062113079678,1.0909857866287906
432,1.5417568998858266,-0.04451320677252263,-0.9230331750535479,1.495350227289062
433,2.0364042222271808,-0.020550869132663685,-2.6285485361583665,1.1735742017563762
434,4.823765543229407,-0.14441373407868496,0.9728235028293581,0.9149776794458084
435,5.188883969176892,-0.24528493047473174,2.8637924028833224,1.2053051002720343
436,2.3229013443204485,-0.22467545133697567,1.4385543032559998,0.8666693496118706
437,4.583311635996331,-0.18875596445763665,-1.564050712426215,0.9664506991134914
438,1.1781996676842657,-0.03019937090433006,1.689996394309218,0.6609501877559901
439,5.264208010313791,-0.07586056301664174,-1.7028418762407143,0.47863785211807025
440,3.848707798774703,-0.2605161506913797,1.2591012774409425,0.9492673496435152
441,1.3075614346485795,-0.04298895721668222,1.496964334953029,1.4360310896809467
442,1.8412780490632494,-0.09253989788494679,0.7946095971455693,0.44815398541911466
443,5.676565145586839,-0.023456940327733322,0.3920816865466983,0.14928180078571504
444,5.736598988399251,-0.24063765617099903,1.2429437607026355,0.3484657409662482
445,1.2137839632079308,-0.15204843364159226,0.19949557755883962,0.08622221479566294
446,3.0794149382536182,-0.02541052049201631,-0.28749014888237623,0.3888220962899834
447,1.5829366644530136,-0.1226942214401833,-1.6774659834896148,1.2328121011317628
448,1.9954962580388564,-0.008532738320731204,-0.0638491455255048,1.1230956086388844
449,3.9863577644082167,-0.10145671056542341,-0.3401507388607956,0.7089569364498415
450,4.105389899811094,-0.25773392673834083,0.0013845062935455843,1.0486146732402628
451,3.9966193648501376,-0.10998676263310767,-1.073364753241274,1.3071267585624287
452,4.069340607493109,-0.1499528959013056,-2.646828002922091,0.2552691861965543
453,2.9716042558135554,-0.11132004589513056,1.7306433884511936,0.4151921460200918
454,2.3169920212086206,-0.08030359443764973,-0.8245147867022755,1.0170488476780428
455,4.477883060618932,-0.07832937083654876,-2.896142192531577,1.4616998834716546
456,2.8369374923904855,-0.09660648880144002,-2.663735081287065,0.39550595584400927
457,2.7528587506090165,-0.061066038414658325,-0.2994384444540934,0.48022726563123064
458,1.6329643602786885,-0.100728743147383,-2.719752979502308,0.8351168803506449
459,1.7620492419619058,-0.06731441300425478,2.4713507904997343,0.6229889837911812
460,3.573121756729554,-0.19651922156128784,-0.6772337260790184,1.320528965186822
461,1.82186156760638,-0.24203468242205625,-0.40496250520966415,0.9854104160949545
462,3.952739823763439,-0.2260382167528954,0.7105517541712296,0.36893647795061957
463,3.440992332292518,-0.18976055614312937,0.863716903721615,1.3008715005249902
464,4.570182008875716,-0.17649431735107107,-2.618676589339839,0.7965242899546939
465,2.873978896026498,-0.2239623117465272,0.43071408092731867,0.2429074544272682
466,2.3019905684900834,-0.18522811746990298,0.7616275446018959,1.1282022140366934
467,4.503561900060758,-0.033731258917964135,1.4843103735631384,0.3216059898083326
468,4.7384971314625695,-0.23425253710482308,-2.3986722168230017,1.0326323108855615
469,4.0056368281442865,-0.06355307040655189,-1.6633807490400119,0.9482405498088072
470,2.437333192280537,-0.05744312035481425,2.4756042975438604,1.1550228342791782
471,2.468524615452255,-0.029043982285753056,-2.9869248517666613,1.1430667319902206
472,1.902157820254475,-0.1878935214184298,-2.566679168757082,1.1894987733021842
473,5.867079752821944,-0.25272644694048024,1.6539318979425488,0.9350285696796865
474,2.142489005102631,-0.18447287882210986,2.1959911882620613,0.2638671235496873
475,5.27005104267496,-0.2770778871460826,0.016861479229325127,0.05532374216625271
476,3.8051819976404757,-0.11013666987066587,1.4796691544457348,0.44471797308522704
477,1.8831682069580156,-0.29920236734162053,-2.4834548209093845,0.4767058665967036
478,2.6185149964617143,-0.1374928047164451,2.964558285530681,0.9468744534627009
479,3.6110333479769983,-0.07760413517794867,-0.9978173676594193,0.8260391652529171
480,3.8829354691915157,-0.02123975782170523,-0.7043288047738221,0.2913477778765822
481,4.48763121307163,-0.11574228924089794,1.5182298744885454,1.3905789407876021
482,5.7138253246626585,-0.2620110458985066,1.500871046294371,1.4711409246075275
483,2.0788460155317168,-0.015806084996241754,0.9440061409550258,0.0218801314960736
484,4.614712817755441,-0.04348306710259625,-1.7699316646522238,1.3056718974716421
485,1.2827040396522946,-0.19424899534452142,0.09219520237570578,0.8962122046041163
486,3.1545518035513407,-0.21713830597109424,2.2815775290231173,1.1151295009324491
487,1.484034495108283,-0.012493740488082605,-1.93421652979837,0.3064063307397577
488,3.2008317526415984,-0.15983794743189134,2.421487482518682,0.7628865654795381
489,4.765996325953621,-0.2586854480970863,-2.8114790921172426,1.080966153118679
490,4.036780077293436,-0.28632576822173056,0.4073625636164824,1.155934516949764
491,4.100600786531177,-0.09035679076485931,-2.451402490095262,0.08569389851099456
492,4.17392204435417,-0.14957705503621835,-2.433114660300311,1.3109195864135952
493,3.539382361047224,-0.01088939261741434,-2.9441297701414855,0.10024072758439001
494,5.3564923205962875,-0.14562887925831808,-1.1136814507867854,0.5636124186431523
495,4.92748445389593,-0.24481821191951522,1.264238958746403,0.47356438073674506
496,1.1455331778582034,-0.22933814519952384,-0.5135446710667053,0.8459826530770952
497,1.5775363304557364,-0.03499327208241365,-2.717550711274748,0.46021614791461
498,2.5127134332779164,-0.23726211683320186,1.8245752707565037,0.45386958044920267
499,5.549203651319317,-0.13434318658967706,1.6282009255216368,0.9383852660787206
500,2.6871403662098654,-0.039468838553348484,0.5962925966005033,0.770393471457528
501,1.422309808047588,-0.13404270187914163,-2.0206978017078474,0.052634838119528626
502,4.215975100714248,-0.28507230916735093,0.5174929017553702,0.6767825854945837
503,3.6985869777766376,-0.2216337800610862,-0.39083810129754815,1.1367678009494457
504,2.9361866574123665,-0.05974258560905357,0.7293322919399103,0.7890761705551448
505,1.9085083238722278,-0.19108520015113017,-1.3153991825925107,0.5820269415561751
506,3.4961196395684677,-0.048187528022009596,-0.4357883682075241,1.2036104520361448
507,3.268728823917559,-0.12390603870224362,0.6689502552815672,0.9882295609348167
508,4.185186614022791,-0.04131576869285247,-1.8884427723795687,0.20892792700148596
509,5.362107629463747,-0.1823193991531446,1.9290233071395182,0.878453198377033
510,2.2506083028769397,-0.07315687775685947,-2.710774635319351,0.5295587155652582
511,4.4004138182939965,-0.14275093953794069,0.1707607919415639,0.41741537974016163
512,4.967477667270509,-0.13010872818266264,-1.1775883542623062,0.49283095913699665
513,1.6468173528451797,-0.15102889950729995,0.5661231335628836,0.09151808781192312
514,3.336405331057828,-0.19635957357243636,2.7721006001334976,0.10613308006233141
515,2.499217788421775,-0.12630198588415875,2.743045218216219,0.13329412627456103
516,1.12524274772968,-0.0863983653731499,1.8215100128378534,0.6364013611243912
517,3.3597729951359585,-0.043794937596976,2.7994477069009287,0.9681583042359162
518,2.403354130408168,-0.04646723417961718,-2.9739360924092053,0.8555604644978188
519,1.7051611285637311,-0.1247917330044335,-0.05561187709590776,1.466073142280543
520,4.893204836041948,-0.18554555653737526,-0.8569319700313649,0.3129512068505166
521,5.09175284108966,-0.010120988270787667,2.2985041049983863,0.5148156615699356
522,2.234485893669623,-0.020287273941399453,1.3144080181990327,1.409603552730412
523,2.180599947068025,-0.12616854068563124,1.3588455253275402,0.3400141199773951
524,1.2434634720417317,-0.2729043105288047,-0.35426109287410057,1.3327919154009178
525,4.525047584201742,-0.15580421808936104,2.807008039126595,1.4486970536825123
526,5.7942506270935,-0.09150333857667287,-2.0327026834655135,1.0577362021884018
527,5.204952816775549,-0.22799827323737043,-2.560980043051907,0.23193101697345117
528,2.5558174893023695,-0.07425578239208003,-1.603423406994781,0.8161687429811538
529,5.6728392788453395,-0.07916621850581859,-2.1869011346456952,0.5036402160150536
530,1.2152532437751413,-0.0566642767836775,1.8786591706944877,0.8647643321579054
531,1.5978525801089067,-0.08149280013811724,-2.417796195402257,0.1598351351344311
532,5.704255405793303,-0.02725910543091209,-0.9911422983112241,0.565317822737289
533,4.25995168198169,-0.09183597597216883,0.48086196584281904,0.5257378208680764
534,1.2343974895098078,-0.2034134839547822,-0.5402705540241275,1.2022424042011135
535,4.907610881352376,-0.1932471929313334,-0.5929627871323708,1.4578482820954244
536,2.1467679662705272,-0.2774336395015193,-1.585578158527197,0.8675493111989491
537,1.695131784859127,-0.06145084335559728,1.8644890427110319,0.6808153170161539
538,3.517796859514887,-0.27052436488193,1.9741812268118988,0.738148761751548
539,5.83509320106447,-0.14691623250478883,-2.44525495545402,1.4437886453089284
540,3.375686286907172,-0.1657272873300702,0.03526271993679764,1.157445990008063
541,2.7758996307518253,-0.19060868115792262,0.5061672075173353,0.19794251991547518
542,3.78135834199023,-0.07946630327563359,1.0020694355201458,1.3926017775674646
543,5.872491352982041,-0.2131904746574273,0.5380923700378961,0.3322874347567533
544,5.17287162342011,-0.24434598668723526,-1.428448651160151,0.495115268922837
545,2.281645540417519,-0.09836354078769649,2.760340923703584,0.9309491266694285
546,5.825742526467779,-0.10241310828844144,0.5810008251022998,1.3822976958476527
547,5.944166900654558,-0.003042050109668515,0.16101123269642192,0.3794440003624717
548,1.3532592421033351,-0.02331142492637578,2.496173123977968,1.3953228766768635
549,5.054680897726774,-0.17604049372655012,-1.619294433606846,1.0589958810558795
550,1.588015411051721,-0.11523631793027936,-0.7522348206876566,0.8226794199275734
551,4.692852281052332,-0.03182838729790172,-0.1151552350745404,1.2734225211985237
552,5.958966521367354,-0.20308725531720312,-0.9041435918343894,0.08215843668268832
553,1.236063625753672,-0.030486496887739245,-0.19677471399573143,0.5462492206065448
554,3.2206127751995175,-0.23943423072292158,-2.7053008670607883,1.1761143994096193
555,5.06678175190134,-0.16211411639269124,2.7576337795877217,0.3801412973258051
556,4.549774973318117,-0.07871931804613327,2.0638267670705783,0.5520533676808314
557,2.249802834292267,-0.06660184158796126,1.610145210743485,0.06797270141353583
558,2.216545650952935,-0.1475627776861096,2.6145911165073548,1.0110571649430626
559,2.177155878292909,-0.01507579248822477,-1.3997249512267707,1.4693959981226457
560,4.194682284697976,-0.0284041418634835,-0.7129437964505421,0.7779544720872607
561,2.1939338082850064,-0.019824186491439577,-1.534011592270539,0.38591522445822085
562,3.456772400367159,-0.04530813815313467,-2.1830536497517743,0.3873274060827929
563,5.396990820883718,-0.02578618058089832,2.841605540835215,0.5968817952683672
564,2.4170909482104297,-0.2151427237842235,0.5141567848291215,0.24939713377096678
565,5.500445813478905,-0.15475265494671375,0.8281552791592648,1.4890797402882532
566,4.136698876276985,-0.10599717592483307,0.3800441154477343,1.0381735466700313
567,1.0402122371524882,-0.06697212024706498,2.9262008432106033,0.5366957546018116
568,4.051283234790144,-0.22570526384986528,-2.008637394176392,0.9422328463569936
569,4.798422115694679,-0.06840904680334714,0.8083044235484849,0.12978850948954893
570,2.2092943488015897,-0.1004228370773084,-1.1672131985682808,0.5842545626130802
571,1.799522695653432,-0.16108876941392494,-2.230778663634956,0.5164950331773918
572,4.724898093536398,-0.12032348661832207,0.8962336159410116,0.7975424757181231
573,1.4747250266981,-0.16291469450255572,0.6910681643500842,0.7046781427220196
574,1.8753569705546644,-0.13150379409922233,-0.2933463748663918,1.1460718148817486
575,2.2711398738687443,-0.04274827980138296,1.3324560390193234,1.482535638215093
576,3.1673276447710625,-0.031328708788230686,-1.94663102759942,0.678577054327667
577,3.273651413305367,-0.14610857511924877,-1.472161322875082,0.962495129884617
578,4.245367347525101,-0.24907461636714198,-1.1341269523192787,1.1777657997122681
579,2.990575724850572,-0.1305191269456998,-1.4922305737802357,0.26902956404416223
580,4.53004475581254,-0.24231347248407273,-0.9638772632550481,1.1415885565010335
581,2.0080823088771718,-0.15335237078090086,-2.7744618341737657,1.4538936672900744
582,4.536338606977547,-0.24293532893617012,0.4896258773767057,1.097069722791179
583,5.915546700432371,-0.16339178996919596,-1.8241648600814937,0.37007174624252187
584,1.6520878220567496,-0.020936922132236302,0.8793235974082494,0.06273287464041828
585,1.8286602507909098,-0.1294375546689173,-1.4793947278455046,0.025550196426189192
586,3.836506531469694,-0.20150136477094904,0.23361334273855228,1.2307166167530725
587,4.971269773301983,-0.0037915663244149633,-0.8829211554292575,0.2574872379103079
588,5.0552527812673524,-0.047248483613924974,-0.9577139306368014,1.4116495450972018
589,2.4254724943470007,-0.004177609801089166,-0.8939008365710985,0.04481436852820101
590,2.1997385205570783,-0.20901838979914955,-0.6184145172467064,0.3527875746819878
591,4.617739565114176,-0.24661830147286384,1.921398239866856,0.21507972950643886
592,2.7692739907308925,-0.07287307033141538,-1.5807436828602879,0.7828611967224449
593,5.210336545059939,-0.09315095174715396,-2.8407737790034897,0.9551510808074183
594,2.267780668798604,-0.0627086850640618,-2.3654963944908456,1.4837168568317423
595,4.779073949265962,-0.21993339733155598,-0.7855538865093585,0.12547575388924978
596,2.373495761442875,-0.10421522657210858,-0.38378442349078457,0.2616700992498784
597,3.44512653360483,-0.24342600068337428,0.4435009990929597,0.9359739301839155
598,5.729045215240359,-0.264699585766091,-2.113968247453259,0.27895123142707196
599,4.1264208672279326,-0.17327686211014778,2.2642932002151595,0.1195895540424435
600,4.0481008384513375,-0.012605550610716443,2.3092493778120122,0.7175741474602071
601,1.7560248343827451,-0.12918584645406417,-1.1532271445041857,0.23264097078501195
602,3.8304046822361024,-0.11633379070764568,2.515490542855205,0.8814484555538068
603,2.0476826068086478,-0.18835713590148961,2.90528475243571,1.1608403038740396
604,4.856571200670278,-0.2783252202512761,-2.909329595213395,1.0257306207293955
605,4.315782466136035,-0.178201564018016,-2.06981298973722,0.5242145722457768
606,5.5091985451264724,-0.051645130606552375,0.8869470958112116,0.501671733997716
607,4.653037920386442,-0.2748060524066832,-2.8072279002655494,0.31606107832908004
608,4.220920844245354,-0.20021598042335714,1.4426700847571219,0.9089427950336334
609,3.1646098363698743,-0.2858231504760274,2.6414444478229075,0.9071382089052327
610,1.1224435531955446,-0.17211065628927938,-1.8017082947243885,1.3348177823242582
611,4.520013504981501,-0.29780010567967624,1.910336247141693,0.07873816561640772
612,2.7040010166991197,-0.06772222128919156,-0.804340909287725,1.4201235000685983
613,4.643426503703787,-0.08963425892618967,0.3969758885227481,0.9709683660128734
614,2.17294301129729,-0.10699186602851543,-1.7171815183660657,0.5326889360516851
615,3.0558473029101316,-0.11073394752176086,-1.0595081370786272,1.4758799914535516
616,3.524142191173488,-0.06930745507191585,1.8440658248778004,0.6023902173096957
617,2.9212054218295704,-0.29828768323170846,1.8559865950322,0.557118921576768
618,2.24214286975766,-0.2173989195888646,2.6265700974718866,1.3667858657976326
619,5.89793573832089,-0.24868583078830142,0.18970526740698634,0.4894959145355392
620,3.935528873030422,-0.044165866847719615,-2.384959371490578,0.8723775399778011
621,3.668931057980623,-0.2286108244795823,-1.6518155961343197,0.7109948920040179
622,2.826248910036531,-0.25256886543936624,2.5037958664916005,0.8508394839252118
623,4.0143354727146505,-0.19693403495186695,0.47587657843704356,0.7421420515833315
624,2.9997449062310144,-0.29329232210470746,-2.232128153986206,1.3222001754639858
625,5.019836526131795,-0.01193004498395206,2.903617057986496,0.3379931529452789
626,3.9662385039889467,-0.28035775696855164,-2.8787326604478545,0.0711368096790519
627,1.3264372274771552,-0.11841758665968699,0.8727570588230753,0.03601406324864661
628,5.047940236407427,-0.00801679296671548,-1.529003184376129,1.1946159172319246
629,4.647627150031564,-0.26807114508876284,2.690669334807831,1.3252094888823154
630,1.1376843446047478,-0.10291509454859327,0.24162654613799273,0.39598861165379357
631,4.793561370708821,-0.15005627689797,2.936174033126928,1.0428135801124891
632,5.9116841323155995,-0.10284723997500017,-2.7335138051262913,0.8272411212805119
633,1.2454697022168544,-0.2387830486924138,1.6844556419105663,0.05973654086784202
634,3.155260602554815,-0.07650444047780855,1.7117468488205354,0.1888697744647489
635,5.215886871768201,-0.011382356322301779,-0.9466980736933923,0.5422910114869093
636,1.800503229408055,-0.26751471817571976,0.7852645712948609,0.37138854768659807
637,3.5454672127488855,-0.19589651955217685,-0.24381332858662885,0.887354552085826
638,2.3474006465095743,-0.05851529553381113,0.49698159283968657,0.9066317685727431
639,4.5954111020111394,-0.16956271665027453,1.1913426747309792,0.28054988678408943
640,4.025960452201653,-0.07524914107390981,1.738249614451787,1.279742230791767
641,3.4535846855641994,-0.16605151783044975,0.2614095638441274,0.8136925043174618
642,4.4996411080045196,-0.04691513491517452,0.4641872005480252,0.3309772590642984
643,4.47181779171946,-0.04652533719402585,1.5686415051487481,1.0989281114019769
644,1.3443252988433478,-0.18285672118697807,-0.46137249859713503,1.3555980735111806
645,5.929412296816725,-0.15178279183599203,2.258132895123616,0.6728063613303586
646,5.144994199644109,-0.20568675614140822,-1.3343731864566586,0.5406637952640335
647,4.709526751329708,-0.01591218773224956,-0.6618883863596943,1.0001467284950292
648,3.4789903008123195,-0.17094905829449655,2.16020290043107,1.2442552124955244
649,5.333819957951884,-0.07250507955877677,-0.3078907886946691,0.5202567747214563
650,1.8100315917230791,-0.02924124739393602,-2.281884795265617,0.4157612234755968
651,4.948383606632312,-0.1242731659599243,2.2084905646961177,0.974294810101596
652,1.2631621336141716,-0.2918279703939038,-1.9622441373326496,1.3304593527200514
653,3.885027691664568,-0.054732716625174094,1.6016517841711604,1.147959763819367
654,3.261128326123247,-0.2830900090755418,-1.4083223855691511,0.40052246560241994
655,4.382142498183677,-0.002191561422215438,2.4072252736102318,0.8103680481918037
656,2.2210537968404616,-0.22683742208873112,-2.7977530022357455,0.20764969253280893
657,2.040424767884236,-0.00013528615747915307,-0.10343681288149087,0.03888880009025301
658,2.887753580072611,-0.02402852054151655,0.04161524359713997,1.071210409700761
659,3.493649409443125,-0.04858245942810441,-2.0844077430283763,1.08227844462646
660,5.579740364325719,-0.10939556211552293,-1.3743640955992702,1.3630280262226242
661,2.313544339407853,-0.08177007803095937,-2.9349707708694357,1.4500923725058112
662,1.0550068718162258,-0.17882222374367074,-0.5626337378756192,0.4186732969184969
663,1.6089909893345515,-0.016562368371154046,-2.6676957141100095,1.1450493810734745
664,2.9170554746073254,-0.22999366801954174,-0.16141147815632717,1.11127832591042
665,5.134870134569678,-0.27096574787580896,-1.5502213135836493,0.5476625559813182
666,4.996028589646677,-0.12193255086886812,2.1816071991902657,0.06474711364393963
667,5.90385688904648,-0.2736268324236792,2.9792072081219283,1.213864700388646
668,5.242930730365881,-0.12740114898513535,-2.675669974788605,1.3092812855434066
669,4.202052933469326,-0.002666715075150816,-0.4268824612218878,0.6491599864619036
670,1.4344675341999458,-0.2115487304363851,1.4047726727700303,1.2686358717481458
671,3.360957128426153,-0.0958544147951764,-2.5182442756836396,0.8403408670377366
672,1.0909848295461257,-0.10203191291393907,2.2940164344154335,0.08024654356715383
673,4.4116352449526826,-0.2818309705799401,1.10022431022702,0.5863332475935225
674,5.891429887600464,-0.23513421040707333,-2.553481415064637,0.277196122846229
675,4.665510762539549,-0.2318070231250462,-0.1102476063905855,1.464027170065527
676,4.197921161925933,-0.02177593928550975,-0.011512797517563733,0.6755728026605542
677,4.205027876241864,-0.031041298690494545,-1.0090485608366984,0.8457984760184303
678,2.734079261716535,-0.20445268630987012,0.12016895112917902,1.008477894260984
679,4.347991935703604,-0.21200248863323293,0.3587933994068555,1.4808014064528956
680,1.4168275858538286,-0.27404429122293106,2.452234398560975,1.3576445014578185
681,3.4611141266353833,-0.09100381125588544,-1.6725376434802777,0.8291888321805481
682,1.4278005247101548,-0.11283534679367507,1.6337232703671143,0.9306784251635956
683,5.379574584507241,-0.14660004698619264,-2.932372342572264,0.9168636003286895
684,3.3122262865727974,-0.2755358039287004,-0.5002151155492589,0.7410616251793407
685,5.974801965231352,-0.25206522636770773,-1.8374504152636528,0.5903311758419251
686,3.3333992538870603,-0.250971010988819,1.2802520587913548,1.0466352687812357
687,5.908173524407005,-0.18165520388053122,2.1124764386361026,0.3729603419159111
688,5.447679999676395,-0.10780762401999691,-1.0992034148683807,0.6283597379390242
689,4.939354725070923,-0.271678573376535,-1.0456294690178192,0.558892577247765
690,4.757001196274935,-0.08559397722076673,1.180523962529457,1.4343383355187123
691,4.591263840266876,-0.12667779806324883,-1.882550810423167,1.333575763990386
692,1.3460930020914261,-0.13036849807326345,1.0174709839354037,1.224822542647136
693,1.0500191551563394,-0.2135243975002471,1.4477807782389052,1.1397481340275262
694,1.4033000006560883,-0.07122463330457843,2.0776569052208966,0.4588107386887155
695,3.933220517989144,-0.2626054940562379,-2.4736624225841926,0.19330419453889608
696,3.5144102083831705,-0.08200486113753919,2.0104781786203914,1.3429682011812416
697,4.327651714115774,-0.2223502869146942,-2.133342359997218,0.7482119710102981
698,4.333905354183647,-0.10620060844111781,0.8891598001868859,0.3520367382128474
699,3.4209122327337225,-0.14852793688419066,0.7039948578488868,0.1681695032926996
700,3.676101080091255,-0.03557905888435581,2.0664344388014824,0.6804377734331921
701,3.1311370736743274,-0.174213572262829,-2.5090774668330162,0.8942019711289928
702,1.5209806726175037,-0.17493467049841963,2.2297773659171014,1.4059917172466725
703,2.757685032729669,-0.16799352352551145,0.8490414526673993,1.0501630039726082
704,1.4545181129400642,-0.08682720251844964,0.08468181321653612,1.029369995194014
705,2.5874603544542927,-0.2182302848034018,-2.9607426017490486,0.7586815341123715
706,2.091094618160041,-0.19598823830508083,1.2302107332859826,1.1263843224299834
707,3.3930575536933985,-0.19379682536388365,-0.39806176363144363,0.33699508185012195
708,5.844784889436069,-0.18039723382295253,-0.07907275607062969,0.4290219569668674
709,4.684417874346304,-0.04163482610083352,2.7023863203733454,1.2095052508176924
710,1.9372688269608993,-0.168527247509279,-0.09042026577774953,1.2618854438611384
711,1.859300649279236,-0.019601330824749796,2.983319810538978,0.4847048823718825
712,4.088026580996361,-0.07601364381693787,0.8448890962130768,1.407218056851524
713,2.56142459357236,-0.20428106888966957,-2.8705040591181508,1.4325068332695141
714,5.697665647807617,-0.19114122631101765,1.554927653735927,0.1509508252244529
715,4.56731864648718,-0.2839830031696306,0.5887610342396434,0.7219104943826519
716,4.364314780361625,-0.186415499689536,2.0754108270477936,0.15777588033329198
717,3.25568085157003,-0.07333719501248986,-1.1594948690923295,1.290059158886542
718,1.6677831160279823,-0.23258830752209086,-1.3663125568963923,0.549208054892643
719,2.060758752164168,-0.2519351419314,1.9739063443880376,1.0481903716289716
720,3.504353075594656,-0.276118738446764,-1.648554982649225,1.159321283677923
721,2.422454109446157,-0.2356802722792888,-0.3701495351483173,1.4919797168258926
722,4.608542250889185,-0.053496074403237504,1.4165344217233145,0.9327002274119728
723,1.0347890367851509,-0.06658372436181562,2.3546660468859235,0.42011996165813115
724,3.66124830438633,-0.09959873778416681,-1.3250523764102582,1.174498282193166
725,3.0662616357179813,-0.06312983218625745,0.8368654071841886,1.496530720424147
726,3.822150479605286,-0.2291882059545752,2.55037298505715,1.1916105016919591
727,4.872517011298678,-0.08351026683848636,-0.0344016130183018,0.8752134696312565
728,1.6728576366317378,-0.14290330787009115,-0.17169398162200888,1.1943348883048799
729,2.788894594910218,-0.2189173209573973,-0.036052509451128145,0.9199976897248919
730,5.027117678712277,-0.1931027269975721,2.8775496348497054,0.402968427441521
731,2.48925684751132,-0.25590596368051766,2.1446265655046375,0.9521936195898772
732,3.621241460581909,-0.08717323105712843,1.0955614936321068,0.6211790427350781
733,2.9459834086519043,-0.024563537544912084,-0.5993572251348822,1.2509659749270117
734,2.2978653318121847,-0.270716397459902,-1.2097382452181844,0.8610782902233716
735,3.8103563720948177,-0.05839472042251034,-2.5043775919426423,1.369570113147957
736,4.746521496901862,-0.13138188360415462,1.769508327889719,1.28137918247969
737,3.3011593498934886,-0.23989426820319384,1.6142449657517446,1.2561288145742813
738,4.271438183675071,-0.11670335847570121,1.0260242957714416,1.3128722208230659
739,4.238244950165185,-0.2734252645082126,0.07758511580338379,1.2868145604829668
740,4.732188674733016,-0.20476512509887326,-1.3108355069194628,0.7816292339516794
741,4.232983708565342,-0.21666367023824118,1.0835667303903485,1.4605692997819288
742,3.427284331320428,-0.2615018445830143,2.6962740947251724,1.295476791243627
743,5.5940846881937745,-0.13701102959252967,-1.8661206173487095,0.7254332019411369
744,1.1199193432217749,-0.01799159484577445,-1.942559964421224,1.2773101187930889
745,3.4045604923287156,-0.2697412392619115,1.6624765058719726,0.32886462236033165
746,5.312399165154961,-0.2763779969521081,-2.9917776760693644,0.592484350310151
747,4.043942364503066,-0.09464299447176797,2.123698974073995,0.4086152598028348
748,2.26011361946815,-0.0988050120825659,2.454831239525328,1.129964016511957
749,1.5194716776052757,-0.24653430161573375,1.8055693295586748,0.7141864792158754
750,5.806450220273696,-0.03653967312895634,-1.5942510790561197,0.017089076438123053
751,4.149040046518138,-0.11590739906529002,-2.4907668526781634,0.11368418468104187
752,3.9490181912592512,-0.1949375397340845,-1.2596152541793262,0.6884870794980752
753,4.56337095886023,-0.2849743398121824,0.31381026252986643,1.2744363655709885
754,5.269204446575346,-0.2666176952678834,2.343804198260914,0.49198929196237273
755,4.697755417991221,-0.23245777908493087,-0.1281602905431929,0.09838952346629182
756,5.165810137194713,-0.2358869302620573,2.1363152187792025,0.972277289021729
757,4.800525986864923,-0.0012798427428751258,-1.4571335029245434,1.1850334434354572
758,2.4943930019938327,-0.05239821510116399,-2.3632861240745417,0.8240395640732466
759,2.5739038636997282,-0.022334659826087788,-0.8756886421219146,0.1551504887193067
760,4.229698166978194,-0.04910523073570411,-0.3183583703057353,1.3269223226739149
761,4.950541835165539,-0.018553700913985283,1.7816090530306168,0.24177534506649162
762,2.690390174471978,-0.10114295106953206,-2.144142085009072,0.48266205829191083
763,5.184619525723903,-0.12504969614891426,2.7808565793071223,0.1856611521494949
764,4.020012048832564,-0.16696006290063942,2.09920777978759,0.806447170057186
765,5.101562390003062,-0.298988352754403,-2.0551424001201415,1.218173706356235
766,1.7339737146285183,-0.29385524534218155,0.7467399658679277,0.8917754689784767
767,5.138036136109232,-0.17574730415285916,1.4668074617116966,0.8767409925091106
768,3.353585762538945,-0.24826926060334564,2.0297407830050647,0.16706357151137607
769,4.658975236499644,-0.1035442328964428,-2.2633895526929653,0.9981043886051434
770,4.514850900220872,-0.21616965136820054,-0.6343356591853722,0.3507375799708403
771,2.2885108630009734,-0.03226243104619214,0.44861012219914276,0.7317858973426726
772,2.115534223394965,-0.2546766770147455,0.6335670669337721,0.5722002750331601
773,5.394190903224171,-0.20699169011995655,0.9568655495546374,0.1443036648550163
774,5.152103429993222,-0.17962179873232972,-1.246598225733074,1.2696271747207746
775,2.5419424073608248,-0.2900956704590641,0.2986948507852807,0.43047648355629897
776,3.754332791454979,-0.2683419185192539,2.886963183432112,1.2261535140948092
777,5.966453609473922,-0.2640454622680047,1.1658988521453093,0.8073983405891861
778,1.7187631123673681,-0.20329680099508501,-2.8348026238509316,0.6680695843752015
779,5.613757476085841,-0.11786151267988301,-1.4383226274172007,0.7066934127308468
780,4.314934173871322,-0.23030901820413052,0.16571747451666496,0.7248723395576396
781,2.235171893421687,-0.2125055757972752,2.7918305679066666,0.09602079552963994
782,2.133409426337291,-0.27774815874367276,0.7180990167045018,0.7199696919586598
783,1.9717191328363992,-0.2892205632409073,0.10353018412554293,1.2184389486223308
784,1.3140080245350656,-0.22761478992138173,-1.1041829734754591,1.4908240983745065
785,4.628554799383124,-0.008158343730637396,2.709808669027315,0.6009405734249255
786,1.045067916475431,-0.09809391279828922,-2.1401116438949046,0.18120444533116264
787,1.525927734214456,-0.08333543079320707,1.935933594971802,0.060866591660303795
788,1.4975041402530431,-0.04880671256008945,1.0221397007825033,0.01831863788117432
789,4.181491806243983,-0.2495939306744318,0.3650910110751191,0.031061474331657395
790,5.329403193613915,-0.08874423643753745,-2.6041403441737474,0.9871440031051144
791,5.4816984674882745,-0.090696692851293,1.578535794491934,1.1002372091234192
792,1.2749411486150688,-0.03627679123259492,2.4274969339057817,0.9511159325190748
793,1.6103612124444544,-0.08818824272747072,-0.5267656271201377,0.02230071911646997
794,2.125977041965971,-0.1270860033681134,2.94873009263142,0.8007404547562531
795,5.730380517110181,-0.2541612006331223,-2.2411764133241503,1.1013472783911409
796,1.379974895583537,-0.2596902663164187,0.5869172885480793,1.1348212154390653
797,1.9186436852703115,-0.23900067861776064,1.4248736781424896,1.4802029687715512
798,4.87736503564979,-0.027400691293320845,-0.9725939819587297,1.4034088110786174
799,5.15729799801441,-0.02380465497647355,1.640637535567147,1.1109415399249651
800,3.6853703142788534,-0.09603272607018942,-2.311026187962877,0.2737450711903936
801,3.004520462314008,-0.08269973487215176,-1.9120436580883315,1.2070525393714273
802,1.8748396331357156,-0.17103680584554312,2.3122991547214333,1.3804437558593732
803,4.240845345565269,-0.17296568299584014,2.7311454434828537,0.101848467717754
804,5.517679378815189,-0.28432239194767217,2.7539472591913317,1.4298657487737236
805,2.5014683018483996,-0.14392662132326198,0.13546194820927937,0.3986332000496474
806,1.790140212780792,-0.07730615379286912,1.3634029974521757,0.40974250299887166
807,5.53874812345701,-0.08503454022013524,-1.9937268376182458,1.3874994832749292
808,3.927500463841079,-0.05712267582773284,-1.187329587965794,0.07069718688033887
809,5.044975015671707,-0.014746926633542434,1.3730866360234089,1.353478348135882
810,1.0763916838523877,-0.28686378172165217,2.0263298184640126,1.3454020509920432
811,2.1211380590343705,-0.09547930657031686,0.8576747640985136,1.1163446401556976
812,4.350555505755056,-0.23142003557316482,-1.5232866477423144,1.4515360268177189
813,3.5297904338996036,-0.15566763313757798,1.07606484548743,1.3154533817131835
814,4.417389388355842,-0.0661453773553308,0.6976161862375383,0.04252817416079561
815,1.6278539808331032,-0.025125877634468052,-0.1241004172846214,0.09323003273792056
816,1.4053157124369065,-0.021947822156402397,1.993452891533134,0.4057986682210838
817,2.7355702573279803,-0.09854375638156274,0.06428940364711977,0.9913924069937335
818,4.753372878212927,-0.24725363185642749,0.6757975152671163,0.5800843052033744
819,2.4426429023042506,-0.29873950348559264,0.4683293126678931,1.4084838584687143
820,5.773940491251675,-0.2150305471745798,-0.025469963107318527,0.3830851837388154
821,5.878998202889303,-0.1642461358654209,1.8940002149078667,1.0891202617874731
822,5.276594135023085,-0.061849196655312716,1.2905307160916024,0.32355293656521383
823,1.6198266942778021,-0.2593918496589157,0.2801876985760652,1.4934823164016162
824,4.806271906113434,-0.25756668276533873,-0.013042164919489174,0.9941879294913094
825,3.7686375084731973,-0.23832947521065412,2.019405098008889,0.20657878895250287
826,2.4618203101669764,-0.05636621960785271,2.943448586185834,1.4149903193817703
827,5.756826467328474,-0.25335184743463096,-0.9114443211051007,1.1696835777497967
828,5.034704088675611,-0.11967945007538433,-0.983247451452097,0.4723103250082406
829,2.608431974150487,-0.28164539847262454,2.6638219669129475,0.3571747783965913
830,4.55318187361146,-0.04561292526484417,2.3490404223777936,1.1073452567588893
831,5.036271579411379,-0.09390972137444245,-1.927580080181444,0.010854993555965102
832,1.6417769416053636,-0.11254636599141196,-2.411554651069704,0.30814959881918413
833,5.319108503275111,-0.07799656542215042,0.9514793416957295,0.2590955480911366
834,3.6483251825187732,-0.2191174321769891,-0.18672441622352398,0.03326590256547324
835,4.359709930555197,-0.17689054298208318,2.0570051605927855,1.2785358939493112
836,3.637458075031931,-0.28206398477604727,-2.1640480823806056,0.5330146748326884
837,1.4488133846374005,-0.29155168002319887,-2.7614760338473943,0.5403508289672183
838,4.269300309667022,-0.1325382018612,0.43473344750043896,1.34879525647035
839,3.2850892160088514,-0.18327562137511527,-2.9666306633651596,1.1883792284320192
840,4.30267063910253,-0.22208553872514242,0.6360675721542766,0.5619272710791312
841,1.464199505165938,-0.24139508413823774,-2.1028431382293267,0.230115302529804
842,2.8182908406105933,-0.04390470894731502,-2.4411784656107605,1.453334096359134
843,5.932656537690503,-0.2926216159651676,-2.167228456916129,0.10948608442251473
844,2.105229723274839,-0.1955346778147018,2.0925003850632935,0.4411721511125974
845,2.6988241994304523,-0.13989957813426554,-1.8771538439044515,1.1093285228956933
846,4.454529494266092,-0.2792564330537024,2.853247425821408,0.6458507748709843
847,4.992021127048304,-0.04243599229860556,-2.3789975014690414,0.7521445743967857
848,2.6319027354461726,-0.1451057422430788,1.3896703470465583,0.7188498451282566
849,2.594381796007764,-0.2720783869432028,-1.9723346699547786,0.8789238255043468
850,1.0111907926790558,-0.11984804933387533,-0.7658159807560847,0.5307628321816965
851,1.2754389617862836,-0.17936696958925166,-0.9859513456284512,1.1229034516145322
852,3.6336366755049316,-0.16637847000923436,-2.3492351571963974,0.8593027741538094
853,3.4363915878408533,-0.06528856024716251,2.8304076661654296,0.4432430183976225
854,5.618485793098111,-0.0708468162954414,-0.6784016027966118,0.9597382555478667
855,2.628831739627282,-0.19786366969779434,0.7751924902234859,1.2883581808600393
856,1.4131727914785728,-0.28323195503858245,1.2995826424609245,0.44019999823946687
857,2.2566119650072585,-0.14337225044813753,1.274880534144371,0.6047386701813704
858,1.94162295612544,-0.18243215585727762,-0.8167135682976898,0.18792725233220503
859,1.1951902632234008,-0.2661904157892421,-1.236203981397554,0.18635341147613
860,1.5663510004639458,-0.11886471553790826,-2.88521339170651,0.3933711649660825
861,5.760998705579401,-0.0076778379300266875,-2.4050202064668365,1.1665810385918833
862,1.3377854621480845,-0.23632561989315598,-2.050083441198401,0.22884276791506183
863,3.0413179334000047,-0.17539613492214867,-1.9771028494387761,0.5658803498603641
864,5.289527807310455,-0.08444237144823477,-1.690882227836875,0.5166917964040928
865,5.429406534675779,-0.03395086884805665,-1.1224865461673503,1.0690696145618377
866,5.6659463500821765,-0.03681224339687733,0.5464639579347343,0.4700251374520714
867,2.599270890796353,-0.12782998593316933,2.7372875110317487,0.10729512734945268
868,4.017456744338114,-0.13505422003450931,0.24860431326581045,0.9367802416522417
869,1.2866472714142463,-0.13313018291356196,1.3920267782741043,0.8373938606918913
870,4.773969564422698,-0.05502715496025698,-0.46910791079260683,0.9932165401191727
871,2.1101040450599227,-0.1988136342904646,-2.596741483809348,1.11325756695828
872,1.6845464274556292,-0.09385471204864046,2.3196746748195443,1.31442270359367
873,2.5091918205768926,-0.1356651516113975,-0.46398011128213934,0.7905239586161064
874,2.6381841432849735,-0.09693880204486713,-1.7941757373482974,0.8052656229674372
875,4.394797461545412,-0.2943695564642948,2.000265700373183,0.8577031158193589
876,4.423102590572968,-0.10917618884845107,1.123762951477735,0.2999325258178256
877,1.5309183203864096,-0.060588050942917915,-2.7298477378578974,1.4871751417492687
878,5.520681087923959,-0.08770124684190955,2.596620406776056,0.9809840763610393
879,5.559746763766523,-0.2285419861986943,-1.2309554016955535,1.0237242185493616
880,1.3646137197524402,-0.060276664033348165,-0.2290732987364259,1.0792158820903395
881,2.8216360019323385,-0.19261007688000908,1.916867367034591,1.2160942369182792
882,3.6507446286006076,-0.009369085469238425,1.08807919462759,1.341221207098821
883,1.7460035819781692,-0.055363752364181146,-2.9173719438991097,0.34821030694053107
884,1.664009153150752,-0.016990844385661064,2.8253037890293458,0.32084166705752815
885,1.5498239874170165,-0.13559033668459475,1.9046479156642926,0.3188113344804077
886,2.7441695668355157,-0.11925567471408571,-1.1501042672048407,0.9131096434206897
887,4.976461652811871,-0.055834699022537904,-2.0457678563004373,1.105182798319629
888,5.599469707166684,-0.2958586675949387,1.6713004980165955,0.3143411829358318
889,1.7295828914968971,-0.024828148681343087,0.5622783430767964,1.2706548170421161
890,5.681199029375577,-0.12006963582494232,-0.1649248674677959,0.0769371163745783
891,4.685081681692049,-0.282700961179693,0.6038073906511157,1.0449737977000009
892,3.246683502878319,-0.20383469589887288,-0.8152726007603261,0.8926062841692854
893,4.831084655260668,-0.16406910402549202,0.011588918543572468,0.10994529502444446
894,4.785777912284717,-0.14124074316333496,2.155582780879241,0.050370419827010834
895,2.8989939792002892,-0.1862146232035379,-2.129117639557969,0.043145927334775104
896,5.34893012938673,-0.20970453700796884,-1.3278474986663333,0.6636456082450866
897,2.0719680303943964,-0.13614310982489253,0.4524875664897121,0.7035701023508674
898,3.863085112586014,-0.19856687702242032,-0.6849308406851309,0.3449093422125366
899,4.179161189557954,-0.2952195350763756,-0.8761191634542329,1.2634492983605639
900,4.131390746047132,-0.2905377707688935,-1.0854957020389,1.2536072489473602
901,5.0885987744225485,-0.06470117946268666,2.9907609626123444,0.7602273225182189
902,3.3158317297696285,-0.14847390318459194,1.1298419130949373,0.23496448217587554
903,4.385482666469487,-0.2767985316410679,-0.8334520161607992,1.0570742735639058
904,1.3894503572243577,-0.053159240429575705,-2.3415771886753993,0.7433421935407782
905,1.1440800508646358,-0.16281508803384778,0.11351065273693006,0.18373075873091613
906,2.3650020394149753,-0.15619385547912645,2.483052603950501,0.21694776254434428
907,5.993109084511113,-0.08883739530723125,1.2281226410794304,1.260069602739381
908,3.531813696661299,-0.10002121864155492,0.787544657816742,0.9188420655055182
909,5.7968252768956186,-0.13884954461269716,-1.5104856760901846,0.8980826425195371
910,3.2979496597328537,-0.23540176649377176,-0.2723565686066478,1.3617675713706288
911,4.121536935007599,-0.08416610288322371,-0.4527125047753109,1.0336375788696606
912,3.553638250617473,-0.1944029119097,-2.8524726706420256,0.21130044769082562
913,3.20970579217685,-0.18584874863844847,-0.7255442853461425,0.22132253756637327
914,3.755092767798958,-0.03517351577683547,-1.680670252562199,0.08828740289985451
915,1.0830923022159284,-0.28713840284347114,-0.7922348822817789,0.1365576083026457
916,3.138368750482332,-0.21559130343299093,2.872414742402042,1.1624102735962598
917,5.4921107491454695,-0.1648654235573608,-1.3582493646280422,1.3862006109362486
918,4.988887357844389,-0.1380041140683695,-1.4275167858244941,0.04668207499772174
919,2.6549312529179327,-0.10505017096617453,2.9125409188885847,1.37109638491675
920,4.430285462121652,-0.26854287801564225,-1.2901395932937514,0.9126011004723863
921,5.455504116246388,-0.07192718372458384,-1.919525476530815,1.394125746058789
922,5.63655780621496,-0.19955254416512958,-2.0933922672403993,1.2940833877682136
923,3.7638242941400817,-0.06361752250220226,0.0711555794921015,0.072651102722583
924,5.454066531986111,-0.23652885885325686,1.5397962880592786,1.3392336341390494
925,2.377281800926333,-0.24169255460301436,-1.3440605396446896,1.417137330932448
926,4.156703881800096,-0.1893892216231073,2.4417759093048037,1.3285269165386555
927,2.4722465876569677,-0.2206020453943962,1.2165134121504266,0.16236150343738498
928,2.941800940588152,-0.25161759954896745,2.712179934185512,0.09034939605930449
929,5.9869809622858945,-0.0015795787689251162,-2.568657181905841,0.011838221443698374
930,1.111076957124153,-0.25850420765827237,-0.614148651020749,0.6030491170923565
931,5.6518129976238995,-0.2320184782119748,-0.25081418240203135,0.7493385265345572
932,3.1981417381087627,-0.10384932637394342,-2.5797509442180213,1.3789174587569746
933,2.749511030012598,-0.2424049906616519,-1.3864113675858318,1.3550945481357164
934,2.8341408782131063,-0.16901319316481536,-0.4098950104934973,0.70746473489715
935,3.902071294051127,-0.272103543085639,-0.5049214151194437,0.3847284212325937
936,1.190923131098348,-0.15313027058024742,-2.639193493234417,1.1816422720089812
937,4.253521202998465,-0.038298447732355134,0.7990205018349616,0.3245239004325399
938,1.105081616183646,-0.029736121294871187,-0.023237411349052994,0.43669018124466186
939,4.320361298646343,-0.0072681520016592005,0.14592636020098215,0.6833769727399476
940,5.624069387141402,-0.12127877431776185,1.9581434978378613,0.6612539356863502
941,2.136924966729141,-0.1873114300460775,1.7851533853406032,0.12749571332662435
942,2.3067397268492877,-0.2440258635665336,-1.8155420210124311,1.3749142166545247
943,3.955204058758299,-0.07077109430745526,0.3403488249642388,0.26642054174057944
944,2.912568594475984,-0.03757185788440015,1.236722458086712,0.21751557950875489
945,5.468419466434216,-0.07375619733637195,2.8922002128033935,0.8897562770496437
946,3.0239590488692603,-0.09987017017685496,-1.7759790549426695,1.0281140213595608
947,1.8920933076219373,-0.07014955776521564,-0.5535910125077184,0.7730164133176919
948,4.827552344608694,-0.21854795596369103,-0.3865773360274778,0.01969181276714082
949,4.518491882757644,-0.2404599966283811,-1.7110024955453773,0.9570809965077582
950,1.5916523685628574,-0.1283257164140942,-2.6767909277035735,0.10515515526784998
951,1.8689022548300571,-0.03977679878259871,-1.3003423173525481,0.4870874434553581
952,1.4413032934437047,-0.23791441578800238,-2.7479892779991415,0.27142270835320853
953,5.251859589544788,-0.20055240059461993,0.91070304009867,1.2352787292933283
954,1.9897051038353175,-0.037048884259112125,1.6576999166650221,0.1471530141290171
955,5.608973780945844,-0.25067813018420465,2.9942451883884775,0.6509140181416148
956,2.6605641028419345,-0.22366932247128468,2.3585678298839063,0.7723971064412242
957,4.070872160332685,-0.109540439410279,2.2526015865349285,0.6242211846323531
958,2.705363609651556,-0.009777353079464035,1.888713145551808,0.7759019160872599
959,2.291584394813094,-0.15075066337295884,-2.015982507696136,0.6327106837921973
960,4.2954909663372085,-0.24961788777726537,0.055152940792046135,0.9442901999362746
961,2.682315154364198,-0.006108942875412748,-1.6214591161163803,0.5215715175337672
962,2.20061955659982,-0.11128766786694014,-2.211819460448591,1.3731956545237403
963,1.9496522437922383,-0.08919657832329744,1.253468847892278,0.8430343080247882
964,5.4378728329527934,-0.1258704415865859,-2.7566261870003292,0.8202880045174427
965,4.6701164848042875,-0.006632513561870945,-0.10186946828981425,0.925639845045658
966,2.3895543601289306,-0.22559613929480207,-0.7997176012723162,0.1931410494519672
967,2.9004980384556367,-0.013166852614456936,1.9881160253874173,0.2626255323435497
968,5.977878491640793,-0.026676876375129055,0.3524838571081266,0.3995563627228483
969,1.5713844295800936,-0.20715044342258554,-2.2978557150086734,1.468488399420946
970,4.586783612224699,-0.16720206760508968,-1.7066914968612763,1.2827246643786194
971,4.4830390448671045,-0.12068169525976913,2.5995352226656205,1.1717541567557237
972,5.640762629144627,-0.10741301153487587,-0.733158638564122,0.40387379381138555
973,5.022027353074592,-0.18330254847651084,-2.5487471143129574,0.6344472684250725
974,4.425138289850498,-0.10186290807756143,-2.7902278482293483,0.3633303693133629
975,5.514722154690396,-0.1479997246369703,-0.5789496612837177,0.024243466596616074
976,3.544992129958137,-0.03174726772201808,1.6760552616129374,1.0043213114691587
977,3.923163596497809,-0.17451309960716915,1.967993054925195,0.7909796475029903
978,5.789051247339792,-0.19826432530363203,1.3450231524594125,0.3743961845859247
979,2.6499663694667768,-0.1550643112280965,1.0613151331615116,0.8129140289035437
980,3.433462997859305,-0.05451255646083286,1.6257478378797723,0.5053476388087301
981,5.847096197972064,-0.23316252375157479,-2.3717709044102273,0.7300607095218881
982,4.439455929868494,-0.1885951592281664,0.6615755102915282,1.0358901533548546
983,1.0685410235678166,-0.06835991904511296,0.9849894915943578,0.13203709997889754
984,2.168355101620234,-0.29952640941583586,-1.5547766449687994,1.0529062039178279
985,5.338029676227993,-0.21650243526396457,-1.7622215804481134,0.32728098969284247
986,4.944145771734941,-0.05063533156747724,2.3998456524412077,0.35659362024734637
987,3.120790417686474,-0.03311038528546467,-1.5773808706586998,0.8491102081084142
988,1.5517388902484544,-0.1477939293159011,-2.1117653998280614,0.9222962880382051
989,1.752114382995058,-0.2081769928020291,-1.459815738784842,1.0055679718833683
990,2.980621666649965,-0.13835537174035384,2.880908243195794,0.9968367314422263
991,4.636928972334628,-0.03245014122429135,-0.23875872469426485,0.965037188285416
992,4.816235704790403,-0.2751721035764445,2.647557125906883,1.4014998530719966
993,3.1887177595887835,-0.17154866200591168,-1.193167666107537,0.560422639843533
994,5.424852864341403,-0.24016868679144202,-2.6858818865571017,0.9438504854865161
995,3.2399403877158313,-0.1611883930402753,-0.5284410858547592,0.048814899347145495
996,2.969870948677916,-0.08979799430010907,-2.0786606870329862,1.435376587339837
997,1.4776334910674822,-0.20259231873117098,-2.420317910779402,0.8483775956345841
998,1.0180066763019642,-0.297590363496162,1.413219915613145,0.6107705732462334
999,1.506027045416602,-0.08236297986641428,2.392459426704157,1.1915370053012169
